{
    "Framework": "jasmine",

    "Tests": [
        { "Path": "Web/Tests", "Include": "*.Test.js" }
    ],

    "TestFileTimeout": 120000,

    "EnableTestFileBatching": true,

    "IgnoreResourceLoadingErrors": "true",

    "References": [
        { "Path": "../../../../../../Imports/jsResources/jqwidgets/styles/jqx.base.css" },
        { "Path": "../../../../../../Imports/jsResources/jqwidgets/styles/jqx.ni.css" },
        { "Path": "../../../../../../Imports/jsResources/jqwidgets/styles/jqx.fresh.css" },
        { "Path": "../../../../../../LabVIEW/Html.Controls.Design/Web/Styles/niNormalize.css" },
        { "Path": "../../../../../../LabVIEW/Html.Controls.Design/Web/Styles/niEditorStyles.css" },
        { "Path": "../../../../../../LabVIEW/Html.Controls.Design/Web/Styles/niControlStyles.css" },
        { "Path": "../../../../../../Imports/jsResources/coherent.js" },

        { "Path": "../../../../../../Imports/bower_components/jquery/dist/jquery.js", "LVjsMinifyChunk": "Base" },
        { "Path": "../../../../../../Imports/bower_components/document-register-element/build/document-register-element.max.js", "LVjsMinifyChunk": "Base" },
        { "Path": "../../../../../../Imports/jsResources/customevents/customevents.polyfill.js", "LVjsMinifyChunk": "Base" },
        { "Path": "../../../../../../Imports/jsResources/objectassign.polyfill.js", "LVjsMinifyChunk": "Base" },
        { "Path": "../../../../../../Imports/jsResources/objectis.polyfill.js", "LVjsMinifyChunk": "Base" },
        { "Path": "../../../../../../Imports/bower_components/jquery-i18n-properties/jquery.i18n.properties.js", "LVjsMinifyChunk": "Base" },
        { "Path": "../../../../../../Imports/jsResources/jqwidgets/globalization/globalize.js", "LVjsMinifyChunk": "Base" },
        { "Path": "../../../../../../Imports/jsResources/jqwidgets/globalization/globalize.culture.en-US.js", "LVjsMinifyChunk": "Base" },
        { "Path": "../../../../../../LabVIEW/Html.Controls.Design/Web/Framework/niBrowserDetection.js", "LVjsMinifyChunk": "Base" },
        { "Path": "../../../../../../LabVIEW/Html.Controls.Design/Web/Framework/niSupport.js", "LVjsMinifyChunk": "Base" },
		    { "Path": "../../../../../../LabVIEW/Html.Controls.Design/Web/Framework/niTaskTracker.js", "LVjsMinifyChunk": "Base" },
		    { "Path": "../../../../../../LabVIEW/Html.Controls.Design/Web/Framework/niSupport.i18n.js", "LVjsMinifyChunk": "Base" },
        { "Path": "../../../../../../LabVIEW/Html.Controls.Design/Web/Framework/niUIActivityService.js", "LVjsMinifyChunk": "Base" },
        { "Path": "../../../../../../LabVIEW/Html.Controls.Design/Web/Framework/niNumerics.js", "LVjsMinifyChunk": "Base" },
        { "Path": "../../../../../../LabVIEW/Html.Controls.Design/Web/Elements/ni-element.js", "LVjsMinifyChunk": "Base" },

        { "Path": "../../../../../../LabVIEW/Html.Controls.Design/Web/Framework/ValueConverters/niValueConverter.js", "LVjsMinifyChunk": "Base" },
        { "Path": "../../../../../../LabVIEW/Html.Controls.Design/Web/Framework/ValueConverters/niNumericValueConverter.js", "LVjsMinifyChunk": "Base" },
        { "Path": "../../../../../../LabVIEW/Html.Controls.Design/Web/Framework/ValueConverters/niJsonValueConverter.js", "LVjsMinifyChunk": "Base" },
        { "Path": "../../../../../../LabVIEW/Html.Controls.Design/Web/Framework/ValueConverters/niElementValueConverter.js", "LVjsMinifyChunk": "Base" },

        { "Path": "../../../../../../Imports/bower_components/jquery-simulate/jquery.simulate.js", "LVJSTestOnly": true },
        { "Path": "../../../../../../Imports/bower_components/jasmine-jquery/lib/jasmine-jquery.js", "LVJSTestOnly": true },
        { "Path": "../../../../../../Imports/bower_components/jasmine-ajax/lib/mock-ajax.js", "LVJSTestOnly": true },

        { "Path": "../../../../../../Imports/bower_components/blockUI/jquery.blockUI.js", "LVjsMinifyChunk": "ThirdPartyResources" },
        { "Path": "../../../../../../Imports/jsResources/jqwidgets/bignumber.js", "LVjsMinifyChunk": "ThirdPartyResources" },
        { "Path": "../../../../../../Imports/jsResources/jqwidgets/jqxcore.js", "LVjsMinifyChunk": "ThirdPartyResources" },
        { "Path": "../../../../../../Imports/jsResources/jqwidgets/jqxdata.js", "LVjsMinifyChunk": "ThirdPartyResources" },
        { "Path": "../../../../../../Imports/jsResources/jqwidgets/jqxmath.js", "LVjsMinifyChunk": "ThirdPartyResources" },
        { "Path": "../../../../../../Imports/jsResources/jqwidgets/jqxdraw.js", "LVjsMinifyChunk": "ThirdPartyResources" },
        { "Path": "../../../../../../Imports/jsResources/jqwidgets/jqxmenu.js", "LVjsMinifyChunk": "ThirdPartyResources" },
        { "Path": "../../../../../../Imports/jsResources/jqwidgets/jqxcalendar.js", "LVjsMinifyChunk": "ThirdPartyResources" },
        { "Path": "../../../../../../Imports/jsResources/jqwidgets/jqxlistbox.js", "LVjsMinifyChunk": "ThirdPartyResources" },
        { "Path": "../../../../../../Imports/jsResources/jqwidgets/jqxbuttons.js", "LVjsMinifyChunk": "ThirdPartyResources" },
        { "Path": "../../../../../../Imports/jsResources/jqwidgets/jqxscrollbar.js", "LVjsMinifyChunk": "ThirdPartyResources" },
        { "Path": "../../../../../../Imports/jsResources/jqwidgets/jqxchart.js", "LVjsMinifyChunk": "ThirdPartyResources" },
        { "Path": "../../../../../../Imports/jsResources/jqwidgets/jqxnumberinput.js", "LVjsMinifyChunk": "ThirdPartyResources" },
        { "Path": "../../../../../../Imports/jsResources/jqwidgets/jqxformattedinput.js", "LVjsMinifyChunk": "ThirdPartyResources" },
        { "Path": "../../../../../../Imports/jsResources/jqwidgets/jqxcomplexinput.js", "LVjsMinifyChunk": "ThirdPartyResources" },
        { "Path": "../../../../../../Imports/jsResources/jqwidgets/jqxgauge.js", "LVjsMinifyChunk": "ThirdPartyResources" },
        { "Path": "../../../../../../Imports/jsResources/jqwidgets/jqxslider.js", "LVjsMinifyChunk": "ThirdPartyResources" },
        { "Path": "../../../../../../Imports/jsResources/jqwidgets/jqxinput.js", "LVjsMinifyChunk": "ThirdPartyResources" },
        { "Path": "../../../../../../Imports/jsResources/jqwidgets/jqxpathcontrol.js", "LVjsMinifyChunk": "ThirdPartyResources" },
        { "Path": "../../../../../../Imports/jsResources/jqwidgets/jqxpopover.js", "LVjsMinifyChunk": "ThirdPartyResources" },
        { "Path": "../../../../../../Imports/jsResources/jqwidgets/jqxcheckbox.js", "LVjsMinifyChunk": "ThirdPartyResources" },
        { "Path": "../../../../../../Imports/jsResources/jqwidgets/jqxswitchbutton.js", "LVjsMinifyChunk": "ThirdPartyResources" },
        { "Path": "../../../../../../Imports/jsResources/jqwidgets/jqxradiobutton.js", "LVjsMinifyChunk": "ThirdPartyResources" },
        { "Path": "../../../../../../Imports/jsResources/jqwidgets/jqxprogressbar.js", "LVjsMinifyChunk": "ThirdPartyResources" },
        { "Path": "../../../../../../Imports/jsResources/jqwidgets/jqxtooltip.js", "LVjsMinifyChunk": "ThirdPartyResources" },
        { "Path": "../../../../../../Imports/jsResources/jqwidgets/jqxcalendar.js", "LVjsMinifyChunk": "ThirdPartyResources" },
        { "Path": "../../../../../../Imports/jsResources/jqwidgets/jqxdatetimeinput.js", "LVjsMinifyChunk": "ThirdPartyResources" },
        { "Path": "../../../../../../Imports/jsResources/jqwidgets/jqxdropdownlist.js", "LVjsMinifyChunk": "ThirdPartyResources" },
        { "Path": "../../../../../../Imports/jsResources/jqwidgets/jqxribbon.js", "LVjsMinifyChunk": "ThirdPartyResources" },
        { "Path": "../../../../../../Imports/jsResources/jqwidgets/jqxexpander.js", "LVjsMinifyChunk": "ThirdPartyResources" },
        { "Path": "../../../../../../Imports/jsResources/jqwidgets/jqxcolorpicker.js", "LVjsMinifyChunk": "ThirdPartyResources" },
        { "Path": "../../../../../../Imports/jsResources/jqwidgets/jqxdropdownbutton.js", "LVjsMinifyChunk": "ThirdPartyResources" },
        { "Path": "../../../../../../Imports/jsResources/jqwidgets/jqxarray.js", "LVjsMinifyChunk": "ThirdPartyResources" },
        { "Path": "../../../../../../Imports/jsResources/jqwidgets/jqxgrid.js", "LVjsMinifyChunk": "ThirdPartyResources" },
        { "Path": "../../../../../../Imports/jsResources/jqwidgets/jqxgrid.aggregates.js", "LVjsMinifyChunk": "ThirdPartyResources" },
        { "Path": "../../../../../../Imports/jsResources/jqwidgets/jqxgrid.selection.js", "LVjsMinifyChunk": "ThirdPartyResources" },
        { "Path": "../../../../../../Imports/jsResources/jqwidgets/jqxgrid.columnsresize.js", "LVjsMinifyChunk": "ThirdPartyResources" },
        { "Path": "../../../../../../Imports/jsResources/jqwidgets/jqxgrid.edit.js", "LVjsMinifyChunk": "ThirdPartyResources" },
        { "Path": "../../../../../../Imports/jsResources/jqwidgets/jqxgrid.filter.js", "LVjsMinifyChunk": "ThirdPartyResources" },
        { "Path": "../../../../../../Imports/jsResources/jqwidgets/jqxgrid.sort.js", "LVjsMinifyChunk": "ThirdPartyResources" },
        { "Path": "../../../../../../Imports/jsResources/jqwidgets/jqxgrid.pager.js", "LVjsMinifyChunk": "ThirdPartyResources" },
        { "Path": "../../../../../../Imports/jsResources/jqwidgets/jqxgrid.grouping.js", "LVjsMinifyChunk": "ThirdPartyResources" },
        { "Path": "../../../../../../Imports/jsResources/flot/jquery.flot.js", "LVjsMinifyChunk": "ThirdPartyResources" },
        { "Path": "../../../../../../Imports/jsResources/flot/jquery.flot.axislabels.js", "LVjsMinifyChunk": "ThirdPartyResources" },
        { "Path": "../../../../../../Imports/jsResources/flot/jquery.flot.symbol.js", "LVjsMinifyChunk": "ThirdPartyResources" },
        { "Path": "../../../../../../Imports/jsResources/flot/jquery.flot.charting.js", "LVjsMinifyChunk": "ThirdPartyResources" },
        { "Path": "../../../../../../Imports/jsResources/flot/jquery.flot.cursors.js", "LVjsMinifyChunk": "ThirdPartyResources" },
        { "Path": "../../../../../../Imports/jsResources/flot/jquery.flot.intensitymap.js", "LVjsMinifyChunk": "ThirdPartyResources" },
        { "Path": "../../../../../../Imports/jsResources/flot/cbuffer.js", "LVjsMinifyChunk": "ThirdPartyResources" },
        { "Path": "../../../../../../Imports/jsResources/flot/jquery.flot.historybuffer.js", "LVjsMinifyChunk": "ThirdPartyResources" },
        { "Path": "../../../../../../Imports/jsResources/flot/jquery.flot.segment-tree.js", "LVjsMinifyChunk": "ThirdPartyResources" },
        { "Path": "../../../../../../Imports/jsResources/flot/jquery.flot.navigate.js", "LVjsMinifyChunk": "ThirdPartyResources" },
        { "Path": "../../../../../../Imports/jsResources/flot/jquery.flot.selection.js", "LVjsMinifyChunk": "ThirdPartyResources" },
        { "Path": "../../../../../../Imports/jsResources/flot/jquery.flot.time.js",  "LVjsMinifyChunk": "ThirdPartyResources" },
        { "Path": "../../../../../../Imports/jsResources/flot/jquery.flot.logaxis.js",  "LVjsMinifyChunk": "ThirdPartyResources" },
        { "Path": "../../../../../../LabVIEW/Html.Controls.Design/Web/Framework/niGlobals.js", "LVjsMinifyChunk": "ThirdPartyResources" },

        { "Path": "../../../../../../LabVIEW/Html.Controls.Design/Web/Tests/OrderedUtils/ni-element-test-interceptor.js", "LVJSTestOnly": true },

        { "Path": "../../../../../../LabVIEW/Html.Controls.Design/Web/Elements/ni-web-application.js", "LVjsMinifyChunk": "Elements" },
        { "Path": "../../../../../../LabVIEW/Html.Controls.Design/Web/Elements/ni-virtual-instrument.js", "LVjsMinifyChunk": "Elements" },
        { "Path": "../../../../../../LabVIEW/Html.Controls.Design/Web/Elements/ni-visual-component.js", "LVjsMinifyChunk": "Elements" },
        { "Path": "../../../../../../LabVIEW/Html.Controls.Design/Web/Elements/ni-visual.js", "LVjsMinifyChunk": "Elements" },
        { "Path": "../../../../../../LabVIEW/Html.Controls.Design/Web/Elements/ni-boolean-control.js", "LVjsMinifyChunk": "Elements" },
        { "Path": "../../../../../../LabVIEW/Html.Controls.Design/Web/Elements/ni-boolean-button.js", "LVjsMinifyChunk": "Elements" },
        { "Path": "../../../../../../LabVIEW/Html.Controls.Design/Web/Elements/ni-numeric-control.js", "LVjsMinifyChunk": "Elements" },
        { "Path": "../../../../../../LabVIEW/Html.Controls.Design/Web/Elements/ni-numeric-text-box.js", "LVjsMinifyChunk": "Elements" },
        { "Path": "../../../../../../LabVIEW/Html.Controls.Design/Web/Elements/ni-numeric-pointer.js", "LVjsMinifyChunk": "Elements" },
        { "Path": "../../../../../../LabVIEW/Html.Controls.Design/Web/Elements/ni-linear-numeric-pointer.js", "LVjsMinifyChunk": "Elements" },
        { "Path": "../../../../../../LabVIEW/Html.Controls.Design/Web/Elements/ni-radial-numeric-pointer.js", "LVjsMinifyChunk": "Elements" },
        { "Path": "../../../../../../LabVIEW/Html.Controls.Design/Web/Elements/ni-slider.js", "LVjsMinifyChunk": "Elements" },
        { "Path": "../../../../../../LabVIEW/Html.Controls.Design/Web/Elements/ni-tank.js", "LVjsMinifyChunk": "Elements" },
        { "Path": "../../../../../../LabVIEW/Html.Controls.Design/Web/Elements/ni-gauge.js", "LVjsMinifyChunk": "Elements" },
        { "Path": "../../../../../../LabVIEW/Html.Controls.Design/Web/Elements/ni-progress-bar.js", "LVjsMinifyChunk": "Elements" },
        { "Path": "../../../../../../LabVIEW/Html.Controls.Design/Web/Elements/ni-linear-progress-bar.js", "LVjsMinifyChunk": "Elements" },
        { "Path": "../../../../../../LabVIEW/Html.Controls.Design/Web/Elements/ni-cartesian-graph-base.js", "LVjsMinifyChunk": "Elements" },
        { "Path": "../../../../../../LabVIEW/Html.Controls.Design/Web/Elements/ni-cartesian-graph.js", "LVjsMinifyChunk": "Elements" },
        { "Path": "../../../../../../LabVIEW/Html.Controls.Design/Web/Elements/ni-chart.js", "LVjsMinifyChunk": "Elements" },
        { "Path": "../../../../../../LabVIEW/Html.Controls.Design/Web/Elements/ni-intensity-graph.js", "LVjsMinifyChunk": "Elements" },
        { "Path": "../../../../../../LabVIEW/Html.Controls.Design/Web/Elements/ni-cartesian-axis.js", "LVjsMinifyChunk": "Elements" },
        { "Path": "../../../../../../LabVIEW/Html.Controls.Design/Web/Elements/ni-cartesian-plot.js", "LVjsMinifyChunk": "Elements" },
        { "Path": "../../../../../../LabVIEW/Html.Controls.Design/Web/Elements/ni-cartesian-plot-renderer.js", "LVjsMinifyChunk": "Elements" },
        { "Path": "../../../../../../LabVIEW/Html.Controls.Design/Web/Elements/ni-cursor.js", "LVjsMinifyChunk": "Elements" },
        { "Path": "../../../../../../LabVIEW/Html.Controls.Design/Web/Elements/ni-string-control.js", "LVjsMinifyChunk": "Elements" },
        { "Path": "../../../../../../LabVIEW/Html.Controls.Design/Web/Elements/ni-time-stamp-text-box.js", "LVjsMinifyChunk": "Elements" },
        { "Path": "../../../../../../LabVIEW/Html.Controls.Design/Web/Elements/ni-boolean-content-control.js", "LVjsMinifyChunk": "Elements" },
        { "Path": "../../../../../../LabVIEW/Html.Controls.Design/Web/Elements/ni-boolean-switch.js", "LVjsMinifyChunk": "Elements" },
        { "Path": "../../../../../../LabVIEW/Html.Controls.Design/Web/Elements/ni-boolean-led.js", "LVjsMinifyChunk": "Elements" },
        { "Path": "../../../../../../LabVIEW/Html.Controls.Design/Web/Elements/ni-check-box.js", "LVjsMinifyChunk": "Elements" },
        { "Path": "../../../../../../LabVIEW/Html.Controls.Design/Web/Elements/ni-hyperlink.js", "LVjsMinifyChunk": "Elements" },
        { "Path": "../../../../../../LabVIEW/Html.Controls.Design/Web/Elements/ni-text.js", "LVjsMinifyChunk": "Elements" },
        { "Path": "../../../../../../LabVIEW/Html.Controls.Design/Web/Elements/ni-label.js", "LVjsMinifyChunk": "Elements" },
        { "Path": "../../../../../../LabVIEW/Html.Controls.Design/Web/Elements/ni-path-selector.js", "LVjsMinifyChunk": "Elements" },
        { "Path": "../../../../../../LabVIEW/Html.Controls.Design/Web/Elements/ni-url-image.js", "LVjsMinifyChunk": "Elements" },
        { "Path": "../../../../../../LabVIEW/Html.Controls.Design/Web/Elements/ni-image.js", "LVjsMinifyChunk": "Elements" },
        { "Path": "../../../../../../LabVIEW/Html.Controls.Design/Web/Elements/ni-selector.js", "LVjsMinifyChunk": "Elements" },
        { "Path": "../../../../../../LabVIEW/Html.Controls.Design/Web/Elements/ni-drop-down.js", "LVjsMinifyChunk": "Elements" },
        { "Path": "../../../../../../LabVIEW/Html.Controls.Design/Web/Elements/ni-list-box.js", "LVjsMinifyChunk": "Elements" },
        { "Path": "../../../../../../LabVIEW/Html.Controls.Design/Web/Elements/ni-cluster.js", "LVjsMinifyChunk": "Elements" },
        { "Path": "../../../../../../LabVIEW/Html.Controls.Design/Web/Elements/ni-array-viewer.js", "LVjsMinifyChunk": "Elements" },
        { "Path": "../../../../../../LabVIEW/Html.Controls.Design/Web/Elements/ni-data-grid.js", "LVjsMinifyChunk": "Elements" },
        { "Path": "../../../../../../LabVIEW/Html.Controls.Design/Web/Elements/ni-data-grid-column.js", "LVjsMinifyChunk": "Elements" },
        { "Path": "../../../../../../LabVIEW/Html.Controls.Design/Web/Elements/ni-io-name-control.js", "LVjsMinifyChunk": "Elements" },
        { "Path": "../../../../../../LabVIEW/Html.Controls.Design/Web/Elements/ni-legend-helpers.js", "LVjsMinifyChunk": "Elements" },
        { "Path": "../../../../../../LabVIEW/Html.Controls.Design/Web/Elements/ni-plot-legend.js", "LVjsMinifyChunk": "Elements" },
        { "Path": "../../../../../../LabVIEW/Html.Controls.Design/Web/Elements/ni-plot-legend-helpers.js", "LVjsMinifyChunk": "Elements" },
        { "Path": "../../../../../../LabVIEW/Html.Controls.Design/Web/Elements/ni-plot-legend-item-display.js", "LVjsMinifyChunk": "Elements" },
        { "Path": "../../../../../../LabVIEW/Html.Controls.Design/Web/Elements/ni-cursor-legend.js", "LVjsMinifyChunk": "Elements" },
        { "Path": "../../../../../../LabVIEW/Html.Controls.Design/Web/Elements/ni-cursor-legend-helpers.js", "LVjsMinifyChunk": "Elements" },
        { "Path": "../../../../../../LabVIEW/Html.Controls.Design/Web/Elements/ni-cursor-legend-item-display.js", "LVjsMinifyChunk": "Elements" },
        { "Path": "../../../../../../LabVIEW/Html.Controls.Design/Web/Elements/ni-scale-legend.js", "LVjsMinifyChunk": "Elements" },
        { "Path": "../../../../../../LabVIEW/Html.Controls.Design/Web/Elements/ni-scale-legend-helpers.js", "LVjsMinifyChunk": "Elements" },
        { "Path": "../../../../../../LabVIEW/Html.Controls.Design/Web/Elements/ni-graph-tools.js", "LVjsMinifyChunk": "Elements" },
        { "Path": "../../../../../../LabVIEW/Html.Controls.Design/Web/Elements/ni-opaque-refnum.js", "LVjsMinifyChunk": "Elements" },
        { "Path": "../../../../../../LabVIEW/Html.Controls.Design/Web/Elements/ni-tab-control.js", "LVjsMinifyChunk": "Elements" },
        { "Path": "../../../../../../LabVIEW/Html.Controls.Design/Web/Elements/ni-tab-item.js", "LVjsMinifyChunk": "Elements" },
        { "Path": "../../../../../../LabVIEW/Html.Controls.Design/Web/Elements/ni-layout-panel.js", "LVjsMinifyChunk": "Elements" },
        { "Path": "../../../../../../LabVIEW/Html.Controls.Design/Web/Elements/ni-color-scale.js", "LVjsMinifyChunk": "Elements" },
        { "Path": "../../../../../../LabVIEW/Html.Controls.Design/Web/Elements/ni-numeric-value-selector.js", "LVjsMinifyChunk": "Elements" },
        { "Path": "../../../../../../LabVIEW/Html.Controls.Design/Web/Elements/ni-enum-selector.js", "LVjsMinifyChunk": "Elements" },
        { "Path": "../../../../../../LabVIEW/Html.Controls.Design/Web/Elements/ni-ring-selector.js", "LVjsMinifyChunk": "Elements" },
        { "Path": "../../../../../../LabVIEW/Html.Controls.Design/Web/Elements/ni-radio-button-group.js", "LVjsMinifyChunk": "Elements" },

        { "Path": "../../../../../../LabVIEW/Html.Controls.Design/Web/Framework/niModelProvider.js", "LVjsMinifyChunk": "ModelsAndViewModels" },
        { "Path": "../../../../../../LabVIEW/Html.Controls.Design/Web/Framework/niControlDataItemCache.js", "LVjsMinifyChunk": "ModelsAndViewModels" },
        { "Path": "../../../../../../LabVIEW/Html.Controls.Design/Web/Framework/niControlDCOIndexCache.js", "LVjsMinifyChunk": "ModelsAndViewModels" },
        { "Path": "../../../../../../LabVIEW/Html.Controls.Design/Web/Framework/niElementReparentingCache.js", "LVjsMinifyChunk": "ModelsAndViewModels" },
        { "Path": "../../../../../../LabVIEW/Html.Controls.Design/Web/Framework/niEggShell.js", "LVjsMinifyChunk": "ModelsAndViewModels" },
        { "Path": "../../../../../../LabVIEW/Html.Controls.Design/Web/Framework/niUpdateService.js", "LVjsMinifyChunk": "ModelsAndViewModels" },
        { "Path": "../../../../../../LabVIEW/Html.Controls.Design/Web/Framework/niEditorUpdateService.js", "LVjsMinifyChunk": "ModelsAndViewModels" },
        { "Path": "../../../../../../LabVIEW/Html.Controls.Design/Web/Framework/niLocalUpdateService.js", "LVjsMinifyChunk": "ModelsAndViewModels" },
        { "Path": "../../../../../../LabVIEW/Html.Controls.Design/Web/Framework/niEditorRuntimeUpdateService.js", "LVjsMinifyChunk": "ModelsAndViewModels" },
        { "Path": "../../../../../../LabVIEW/Html.Controls.Design/Web/Framework/niRemoteUpdateService.js", "LVjsMinifyChunk": "ModelsAndViewModels" },
        { "Path": "../../../../../../LabVIEW/Html.Controls.Design/Web/Framework/niTestUpdateService.js", "LVjsMinifyChunk": "ModelsAndViewModels" },
        { "Path": "../../../../../../LabVIEW/Html.Controls.Design/Web/Framework/niWebApplicationModelService.js", "LVjsMinifyChunk": "ModelsAndViewModels" },
        { "Path": "../../../../../../LabVIEW/Html.Controls.Design/Web/Framework/niVIReferenceService.js", "LVjsMinifyChunk": "ModelsAndViewModels" },
        { "Path": "../../../../../../LabVIEW/Html.Controls.Design/Web/Framework/niRenderBuffer.js", "LVjsMinifyChunk": "ModelsAndViewModels" },
        { "Path": "../../../../../../LabVIEW/Html.Controls.Design/Web/Framework/niRenderEngine.js", "LVjsMinifyChunk": "ModelsAndViewModels" },
        { "Path": "../../../../../../LabVIEW/Html.Controls.Design/Web/Framework/niTimeStamp.js", "LVjsMinifyChunk": "ModelsAndViewModels" },
        { "Path": "../../../../../../LabVIEW/Html.Controls.Design/Web/Framework/niAnalogWaveform.js", "LVjsMinifyChunk": "ModelsAndViewModels" },
        { "Path": "../../../../../../LabVIEW/Html.Controls.Design/Web/Framework/niResizeStrategy.js", "LVjsMinifyChunk": "ModelsAndViewModels" },
        { "Path": "../../../../../../LabVIEW/Html.Controls.Design/Web/Framework/niPaintResizeStrategy.js", "LVjsMinifyChunk": "ModelsAndViewModels" },
        { "Path": "../../../../../../LabVIEW/Html.Controls.Design/Web/Framework/niTransformResizeStrategy.js", "LVjsMinifyChunk": "ModelsAndViewModels" },
        { "Path": "../../../../../../LabVIEW/Html.Controls.Design/Web/Framework/niRepaintResizeStrategy.js", "LVjsMinifyChunk": "ModelsAndViewModels" },
        { "Path": "../../../../../../LabVIEW/Html.Controls.Design/Web/Framework/niLargeResizeStrategy.js", "LVjsMinifyChunk": "ModelsAndViewModels" },
        { "Path": "../../../../../../LabVIEW/Html.Controls.Design/Web/Framework/niEditorResizeStrategy.js", "LVjsMinifyChunk": "ModelsAndViewModels" },

        { "Path": "../../../../../../LabVIEW/Html.Controls.Design/Web/Modeling/niModel.js", "LVjsMinifyChunk": "ModelsAndViewModels" },
        { "Path": "../../../../../../LabVIEW/Html.Controls.Design/Web/Modeling/niWebApplicationModel.js", "LVjsMinifyChunk": "ModelsAndViewModels" },
        { "Path": "../../../../../../LabVIEW/Html.Controls.Design/Web/Modeling/niVirtualInstrumentModel.js", "LVjsMinifyChunk": "ModelsAndViewModels" },
        { "Path": "../../../../../../LabVIEW/Html.Controls.Design/Web/Modeling/niVisualComponentModel.js", "LVjsMinifyChunk": "ModelsAndViewModels" },
        { "Path": "../../../../../../LabVIEW/Html.Controls.Design/Web/Modeling/niVisualModel.js", "LVjsMinifyChunk": "ModelsAndViewModels" },
        { "Path": "../../../../../../LabVIEW/Html.Controls.Design/Web/Modeling/niNumericControlModel.js", "LVjsMinifyChunk": "ModelsAndViewModels" },
        { "Path": "../../../../../../LabVIEW/Html.Controls.Design/Web/Modeling/niNumericPointerModel.js", "LVjsMinifyChunk": "ModelsAndViewModels" },
        { "Path": "../../../../../../LabVIEW/Html.Controls.Design/Web/Modeling/niRadialNumericPointerModel.js", "LVjsMinifyChunk": "ModelsAndViewModels" },
        { "Path": "../../../../../../LabVIEW/Html.Controls.Design/Web/Modeling/niGaugeModel.js", "LVjsMinifyChunk": "ModelsAndViewModels" },
        { "Path": "../../../../../../LabVIEW/Html.Controls.Design/Web/Modeling/niLinearNumericPointerModel.js", "LVjsMinifyChunk": "ModelsAndViewModels" },
        { "Path": "../../../../../../LabVIEW/Html.Controls.Design/Web/Modeling/niSliderModel.js", "LVjsMinifyChunk": "ModelsAndViewModels" },
        { "Path": "../../../../../../LabVIEW/Html.Controls.Design/Web/Modeling/niTankModel.js", "LVjsMinifyChunk": "ModelsAndViewModels" },
        { "Path": "../../../../../../LabVIEW/Html.Controls.Design/Web/Modeling/niProgressBarModel.js", "LVjsMinifyChunk": "ModelsAndViewModels" },
        { "Path": "../../../../../../LabVIEW/Html.Controls.Design/Web/Modeling/niLinearProgressBarModel.js", "LVjsMinifyChunk": "ModelsAndViewModels" },
        { "Path": "../../../../../../LabVIEW/Html.Controls.Design/Web/Modeling/niNumericTextBoxModel.js", "LVjsMinifyChunk": "ModelsAndViewModels" },
        { "Path": "../../../../../../LabVIEW/Html.Controls.Design/Web/Modeling/niGraphBaseModel.js", "LVjsMinifyChunk": "ModelsAndViewModels" },
        { "Path": "../../../../../../LabVIEW/Html.Controls.Design/Web/Modeling/niCursorModel.js", "LVjsMinifyChunk": "ModelsAndViewModels" },
        { "Path": "../../../../../../LabVIEW/Html.Controls.Design/Web/Modeling/niCartesianAxisModel.js", "LVjsMinifyChunk": "ModelsAndViewModels" },
        { "Path": "../../../../../../LabVIEW/Html.Controls.Design/Web/Modeling/niCartesianPlotModel.js", "LVjsMinifyChunk": "ModelsAndViewModels" },
        { "Path": "../../../../../../LabVIEW/Html.Controls.Design/Web/Modeling/niPlotRendererModel.js", "LVjsMinifyChunk": "ModelsAndViewModels" },
        { "Path": "../../../../../../LabVIEW/Html.Controls.Design/Web/Modeling/niCartesianGraphModel.js", "LVjsMinifyChunk": "ModelsAndViewModels" },
        { "Path": "../../../../../../LabVIEW/Html.Controls.Design/Web/Modeling/niChartModel.js", "LVjsMinifyChunk": "ModelsAndViewModels" },
        { "Path": "../../../../../../LabVIEW/Html.Controls.Design/Web/Modeling/niBooleanControlModel.js", "LVjsMinifyChunk": "ModelsAndViewModels" },
        { "Path": "../../../../../../LabVIEW/Html.Controls.Design/Web/Modeling/niBooleanContentControlModel.js", "LVjsMinifyChunk": "ModelsAndViewModels" },
        { "Path": "../../../../../../LabVIEW/Html.Controls.Design/Web/Modeling/niBooleanButtonModel.js", "LVjsMinifyChunk": "ModelsAndViewModels" },
        { "Path": "../../../../../../LabVIEW/Html.Controls.Design/Web/Modeling/niBooleanLEDModel.js", "LVjsMinifyChunk": "ModelsAndViewModels" },
        { "Path": "../../../../../../LabVIEW/Html.Controls.Design/Web/Modeling/niTextModel.js", "LVjsMinifyChunk": "ModelsAndViewModels" },
        { "Path": "../../../../../../LabVIEW/Html.Controls.Design/Web/Modeling/niLabelModel.js", "LVjsMinifyChunk": "ModelsAndViewModels" },
        { "Path": "../../../../../../LabVIEW/Html.Controls.Design/Web/Modeling/niHyperlinkModel.js", "LVjsMinifyChunk": "ModelsAndViewModels" },
        { "Path": "../../../../../../LabVIEW/Html.Controls.Design/Web/Modeling/niStringControlModel.js", "LVjsMinifyChunk": "ModelsAndViewModels" },
        { "Path": "../../../../../../LabVIEW/Html.Controls.Design/Web/Modeling/niPathSelectorModel.js", "LVjsMinifyChunk": "ModelsAndViewModels" },
        { "Path": "../../../../../../LabVIEW/Html.Controls.Design/Web/Modeling/niTimeStampTextBoxModel.js", "LVjsMinifyChunk": "ModelsAndViewModels" },
        { "Path": "../../../../../../LabVIEW/Html.Controls.Design/Web/Modeling/niUrlImageModel.js", "LVjsMinifyChunk": "ModelsAndViewModels" },
		{ "Path": "../../../../../../LabVIEW/Html.Controls.Design/Web/Modeling/niImageModel.js", "LVjsMinifyChunk": "ModelsAndViewModels" },
        { "Path": "../../../../../../LabVIEW/Html.Controls.Design/Web/Modeling/niCheckBoxModel.js", "LVjsMinifyChunk": "ModelsAndViewModels" },
        { "Path": "../../../../../../LabVIEW/Html.Controls.Design/Web/Modeling/niBooleanSwitchModel.js", "LVjsMinifyChunk": "ModelsAndViewModels" },
        { "Path": "../../../../../../LabVIEW/Html.Controls.Design/Web/Modeling/niTabControlModel.js", "LVjsMinifyChunk": "ModelsAndViewModels" },
        { "Path": "../../../../../../LabVIEW/Html.Controls.Design/Web/Modeling/niTabItemModel.js", "LVjsMinifyChunk": "ModelsAndViewModels" },
        { "Path": "../../../../../../LabVIEW/Html.Controls.Design/Web/Modeling/niLayoutPanelModel.js", "LVjsMinifyChunk": "ModelsAndViewModels" },
        { "Path": "../../../../../../LabVIEW/Html.Controls.Design/Web/Modeling/niClusterModel.js", "LVjsMinifyChunk": "ModelsAndViewModels" },
        { "Path": "../../../../../../LabVIEW/Html.Controls.Design/Web/Modeling/niArrayViewerModel.js", "LVjsMinifyChunk": "ModelsAndViewModels" },
        { "Path": "../../../../../../LabVIEW/Html.Controls.Design/Web/Modeling/niDataGridModel.js", "LVjsMinifyChunk": "ModelsAndViewModels" },
        { "Path": "../../../../../../LabVIEW/Html.Controls.Design/Web/Modeling/niDataGridColumnModel.js", "LVjsMinifyChunk": "ModelsAndViewModels" },
        { "Path": "../../../../../../LabVIEW/Html.Controls.Design/Web/Modeling/niSelectorModel.js", "LVjsMinifyChunk": "ModelsAndViewModels" },
        { "Path": "../../../../../../LabVIEW/Html.Controls.Design/Web/Modeling/niDropDownModel.js", "LVjsMinifyChunk": "ModelsAndViewModels" },
        { "Path": "../../../../../../LabVIEW/Html.Controls.Design/Web/Modeling/niListBoxModel.js", "LVjsMinifyChunk": "ModelsAndViewModels" },
        { "Path": "../../../../../../LabVIEW/Html.Controls.Design/Web/Modeling/niIONameControlModel.js", "LVjsMinifyChunk": "ModelsAndViewModels" },
        { "Path": "../../../../../../LabVIEW/Html.Controls.Design/Web/Modeling/niOpaqueRefnumModel.js", "LVjsMinifyChunk": "ModelsAndViewModels" },
        { "Path": "../../../../../../LabVIEW/Html.Controls.Design/Web/Modeling/niPlotLegendModel.js", "LVjsMinifyChunk": "ModelsAndViewModels" },
        { "Path": "../../../../../../LabVIEW/Html.Controls.Design/Web/Modeling/niColorScaleModel.js", "LVjsMinifyChunk": "ModelsAndViewModels" },
        { "Path": "../../../../../../LabVIEW/Html.Controls.Design/Web/Modeling/niIntensityGraphModel.js", "LVjsMinifyChunk": "ModelsAndViewModels" },
        { "Path": "../../../../../../LabVIEW/Html.Controls.Design/Web/Modeling/niCursorLegendModel.js", "LVjsMinifyChunk": "ModelsAndViewModels" },
        { "Path": "../../../../../../LabVIEW/Html.Controls.Design/Web/Modeling/niScaleLegendModel.js", "LVjsMinifyChunk": "ModelsAndViewModels" },
        { "Path": "../../../../../../LabVIEW/Html.Controls.Design/Web/Modeling/niGraphToolsModel.js", "LVjsMinifyChunk": "ModelsAndViewModels" },
        { "Path": "../../../../../../LabVIEW/Html.Controls.Design/Web/Modeling/niNumericValueSelectorModel.js", "LVjsMinifyChunk": "ModelsAndViewModels" },
        { "Path": "../../../../../../LabVIEW/Html.Controls.Design/Web/Modeling/niEnumSelectorModel.js", "LVjsMinifyChunk": "ModelsAndViewModels" },
        { "Path": "../../../../../../LabVIEW/Html.Controls.Design/Web/Modeling/niRingSelectorModel.js", "LVjsMinifyChunk": "ModelsAndViewModels" },
        { "Path": "../../../../../../LabVIEW/Html.Controls.Design/Web/Modeling/niRadioButtonGroupModel.js", "LVjsMinifyChunk": "ModelsAndViewModels" },

        { "Path": "../../../../../../LabVIEW/Html.Controls.Design/Web/Designer/niViewModel.js", "LVjsMinifyChunk": "ModelsAndViewModels" },
        { "Path": "../../../../../../LabVIEW/Html.Controls.Design/Web/Designer/niWebApplicationViewModel.js", "LVjsMinifyChunk": "ModelsAndViewModels" },
        { "Path": "../../../../../../LabVIEW/Html.Controls.Design/Web/Designer/niVirtualInstrumentViewModel.js", "LVjsMinifyChunk": "ModelsAndViewModels" },
        { "Path": "../../../../../../LabVIEW/Html.Controls.Design/Web/Designer/niVisualComponentViewModel.js", "LVjsMinifyChunk": "ModelsAndViewModels" },
        { "Path": "../../../../../../LabVIEW/Html.Controls.Design/Web/Designer/niVisualViewModel.js", "LVjsMinifyChunk": "ModelsAndViewModels" },
        { "Path": "../../../../../../LabVIEW/Html.Controls.Design/Web/Designer/niNumericControlViewModel.js", "LVjsMinifyChunk": "ModelsAndViewModels" },
        { "Path": "../../../../../../LabVIEW/Html.Controls.Design/Web/Designer/niNumericPointerViewModel.js", "LVjsMinifyChunk": "ModelsAndViewModels" },
        { "Path": "../../../../../../LabVIEW/Html.Controls.Design/Web/Designer/niLinearNumericPointerViewModel.js", "LVjsMinifyChunk": "ModelsAndViewModels" },
        { "Path": "../../../../../../LabVIEW/Html.Controls.Design/Web/Designer/niRadialNumericPointerViewModel.js", "LVjsMinifyChunk": "ModelsAndViewModels" },
        { "Path": "../../../../../../LabVIEW/Html.Controls.Design/Web/Designer/niGaugeViewModel.js", "LVjsMinifyChunk": "ModelsAndViewModels" },
        { "Path": "../../../../../../LabVIEW/Html.Controls.Design/Web/Designer/niSliderViewModel.js", "LVjsMinifyChunk": "ModelsAndViewModels" },
        { "Path": "../../../../../../LabVIEW/Html.Controls.Design/Web/Designer/niTankViewModel.js", "LVjsMinifyChunk": "ModelsAndViewModels" },
        { "Path": "../../../../../../LabVIEW/Html.Controls.Design/Web/Designer/niProgressBarViewModel.js", "LVjsMinifyChunk": "ModelsAndViewModels" },
        { "Path": "../../../../../../LabVIEW/Html.Controls.Design/Web/Designer/niLinearProgressBarViewModel.js", "LVjsMinifyChunk": "ModelsAndViewModels" },
        { "Path": "../../../../../../LabVIEW/Html.Controls.Design/Web/Designer/niNumericTextBoxViewModel.js", "LVjsMinifyChunk": "ModelsAndViewModels" },
        { "Path": "../../../../../../LabVIEW/Html.Controls.Design/Web/Designer/niCursorViewModel.js", "LVjsMinifyChunk": "ModelsAndViewModels" },
        { "Path": "../../../../../../LabVIEW/Html.Controls.Design/Web/Designer/niCartesianAxisViewModel.js", "LVjsMinifyChunk": "ModelsAndViewModels" },
        { "Path": "../../../../../../LabVIEW/Html.Controls.Design/Web/Designer/niCartesianPlotViewModel.js", "LVjsMinifyChunk": "ModelsAndViewModels" },
        { "Path": "../../../../../../LabVIEW/Html.Controls.Design/Web/Designer/niGraphBaseViewModel.js", "LVjsMinifyChunk": "ModelsAndViewModels" },
        { "Path": "../../../../../../LabVIEW/Html.Controls.Design/Web/Designer/niCartesianGraphViewModel.js", "LVjsMinifyChunk": "ModelsAndViewModels" },
        { "Path": "../../../../../../LabVIEW/Html.Controls.Design/Web/Designer/niPlotRendererViewModel.js", "LVjsMinifyChunk": "ModelsAndViewModels" },
        { "Path": "../../../../../../LabVIEW/Html.Controls.Design/Web/Designer/niChartViewModel.js", "LVjsMinifyChunk": "ModelsAndViewModels" },
        { "Path": "../../../../../../LabVIEW/Html.Controls.Design/Web/Designer/niBooleanControlViewModel.js", "LVjsMinifyChunk": "ModelsAndViewModels" },
        { "Path": "../../../../../../LabVIEW/Html.Controls.Design/Web/Designer/niBooleanContentControlViewModel.js", "LVjsMinifyChunk": "ModelsAndViewModels" },
        { "Path": "../../../../../../LabVIEW/Html.Controls.Design/Web/Designer/niBooleanButtonViewModel.js", "LVjsMinifyChunk": "ModelsAndViewModels" },
        { "Path": "../../../../../../LabVIEW/Html.Controls.Design/Web/Designer/niBooleanLEDViewModel.js", "LVjsMinifyChunk": "ModelsAndViewModels" },
        { "Path": "../../../../../../LabVIEW/Html.Controls.Design/Web/Designer/niTextViewModel.js", "LVjsMinifyChunk": "ModelsAndViewModels" },
        { "Path": "../../../../../../LabVIEW/Html.Controls.Design/Web/Designer/niLabelViewModel.js", "LVjsMinifyChunk": "ModelsAndViewModels" },
        { "Path": "../../../../../../LabVIEW/Html.Controls.Design/Web/Designer/niHyperlinkViewModel.js", "LVjsMinifyChunk": "ModelsAndViewModels" },
        { "Path": "../../../../../../LabVIEW/Html.Controls.Design/Web/Designer/niStringControlViewModel.js", "LVjsMinifyChunk": "ModelsAndViewModels" },
        { "Path": "../../../../../../LabVIEW/Html.Controls.Design/Web/Designer/niPathSelectorViewModel.js", "LVjsMinifyChunk": "ModelsAndViewModels" },
        { "Path": "../../../../../../LabVIEW/Html.Controls.Design/Web/Designer/niTimeStampTextBoxViewModel.js", "LVjsMinifyChunk": "ModelsAndViewModels" },
        { "Path": "../../../../../../LabVIEW/Html.Controls.Design/Web/Designer/niUrlImageViewModel.js", "LVjsMinifyChunk": "ModelsAndViewModels" },
		    { "Path": "../../../../../../LabVIEW/Html.Controls.Design/Web/Designer/niImageViewModel.js", "LVjsMinifyChunk": "ModelsAndViewModels" },
        { "Path": "../../../../../../LabVIEW/Html.Controls.Design/Web/Designer/niCheckBoxViewModel.js", "LVjsMinifyChunk": "ModelsAndViewModels" },
        { "Path": "../../../../../../LabVIEW/Html.Controls.Design/Web/Designer/niBooleanSwitchViewModel.js", "LVjsMinifyChunk": "ModelsAndViewModels" },
        { "Path": "../../../../../../LabVIEW/Html.Controls.Design/Web/Designer/niTabControlViewModel.js", "LVjsMinifyChunk": "ModelsAndViewModels" },
        { "Path": "../../../../../../LabVIEW/Html.Controls.Design/Web/Designer/niTabItemViewModel.js", "LVjsMinifyChunk": "ModelsAndViewModels" },
        { "Path": "../../../../../../LabVIEW/Html.Controls.Design/Web/Designer/niLayoutPanelViewModel.js", "LVjsMinifyChunk": "ModelsAndViewModels" },
        { "Path": "../../../../../../LabVIEW/Html.Controls.Design/Web/Designer/niClusterViewModel.js", "LVjsMinifyChunk": "ModelsAndViewModels" },
        { "Path": "../../../../../../LabVIEW/Html.Controls.Design/Web/Designer/niArrayViewerViewModel.js", "LVjsMinifyChunk": "ModelsAndViewModels" },
        { "Path": "../../../../../../LabVIEW/Html.Controls.Design/Web/Designer/niDataGridViewModel.js", "LVjsMinifyChunk": "ModelsAndViewModels" },
        { "Path": "../../../../../../LabVIEW/Html.Controls.Design/Web/Designer/niDataGridColumnViewModel.js", "LVjsMinifyChunk": "ModelsAndViewModels" },
        { "Path": "../../../../../../LabVIEW/Html.Controls.Design/Web/Designer/niSelectorViewModel.js", "LVjsMinifyChunk": "ModelsAndViewModels" },
        { "Path": "../../../../../../LabVIEW/Html.Controls.Design/Web/Designer/niDropDownViewModel.js", "LVjsMinifyChunk": "ModelsAndViewModels" },
        { "Path": "../../../../../../LabVIEW/Html.Controls.Design/Web/Designer/niListBoxViewModel.js", "LVjsMinifyChunk": "ModelsAndViewModels" },
        { "Path": "../../../../../../LabVIEW/Html.Controls.Design/Web/Designer/niIONameControlViewModel.js", "LVjsMinifyChunk": "ModelsAndViewModels" },
        { "Path": "../../../../../../LabVIEW/Html.Controls.Design/Web/Designer/niOpaqueRefnumViewModel.js", "LVjsMinifyChunk": "ModelsAndViewModels" },
        { "Path": "../../../../../../LabVIEW/Html.Controls.Design/Web/Designer/niPlotLegendViewModel.js", "LVjsMinifyChunk": "ModelsAndViewModels" },
        { "Path": "../../../../../../LabVIEW/Html.Controls.Design/Web/Designer/niCursorLegendViewModel.js", "LVjsMinifyChunk": "ModelsAndViewModels" },
        { "Path": "../../../../../../LabVIEW/Html.Controls.Design/Web/Designer/niScaleLegendViewModel.js", "LVjsMinifyChunk": "ModelsAndViewModels" },
        { "Path": "../../../../../../LabVIEW/Html.Controls.Design/Web/Designer/niGraphToolsViewModel.js", "LVjsMinifyChunk": "ModelsAndViewModels" },
        { "Path": "../../../../../../LabVIEW/Html.Controls.Design/Web/Designer/niColorScaleViewModel.js", "LVjsMinifyChunk": "ModelsAndViewModels" },
        { "Path": "../../../../../../LabVIEW/Html.Controls.Design/Web/Designer/niIntensityGraphViewModel.js", "LVjsMinifyChunk": "ModelsAndViewModels" },
        { "Path": "../../../../../../LabVIEW/Html.Controls.Design/Web/Designer/niNumericValueSelectorViewModel.js", "LVjsMinifyChunk": "ModelsAndViewModels" },
        { "Path": "../../../../../../LabVIEW/Html.Controls.Design/Web/Designer/niEnumSelectorViewModel.js", "LVjsMinifyChunk": "ModelsAndViewModels" },
        { "Path": "../../../../../../LabVIEW/Html.Controls.Design/Web/Designer/niRingSelectorViewModel.js", "LVjsMinifyChunk": "ModelsAndViewModels" },
        { "Path": "../../../../../../LabVIEW/Html.Controls.Design/Web/Designer/niRadioButtonGroupViewModel.js", "LVjsMinifyChunk": "ModelsAndViewModels" },
        { "Path": "../../../../../../LabVIEW/Html.Controls.Design/Web/Framework/niElementExtensions.js", "LVjsMinifyChunk": "ModelsAndViewModels" },

        { "Path": "../../../../../../LabVIEW/Html.Controls.Design/Web/Elements/ni-element-registration.js", "LVjsMinifyChunk": "Registration" },

        { "Path": "../../../../../../LabVIEW/Html.Controls.Design/Web/Tests/Utilities", "Includes": ["*.js"], "LVJSChutzpahSpecific": true }
    ]
}
